{"cameraMode":{"drawMode":0,"name":"Shaded","section":"Shading Mode"},"sceneLighting":false,"audioPlay":false,"sceneViewState":{"showFog":true,"showMaterialUpdate":false,"showSkybox":false,"showFlares":true,"showImageEffects":true,"showParticleSystems":true},"in2DMode":false,"pivot":{"x":-0.24590030312538148,"y":1.3518344163894654,"z":0.7112625241279602},"rotation":{"x":0.22725160419940949,"y":-0.06713789701461792,"z":0.015704279765486718,"w":0.9713960886001587},"size":8.279952049255371,"orthographic":false}