{"cameraMode":{"drawMode":0,"name":"Shaded","section":"Shading Mode"},"sceneLighting":true,"audioPlay":false,"sceneViewState":{"showFog":true,"showMaterialUpdate":false,"showSkybox":true,"showFlares":true,"showImageEffects":true,"showParticleSystems":true},"in2DMode":false,"pivot":{"x":4.805383682250977,"y":-10.779084205627442,"z":8.022004127502442},"rotation":{"x":0.235854834318161,"y":0.6678341031074524,"z":-0.23684662580490113,"w":0.6650386452674866},"size":68.15052795410156,"orthographic":false}