{"cameraMode":{"drawMode":0,"name":"Shaded","section":"Shading Mode"},"sceneLighting":true,"audioPlay":false,"sceneViewState":{"showFog":true,"showMaterialUpdate":false,"showSkybox":true,"showFlares":true,"showImageEffects":true,"showParticleSystems":true},"in2DMode":false,"pivot":{"x":293.7694396972656,"y":661.863037109375,"z":811.0144653320313},"rotation":{"x":0.07556461542844773,"y":-0.11994779109954834,"z":-0.009153163991868496,"w":-0.9898685812950134},"size":1738.2613525390625,"orthographic":false}