{"cameraMode":{"drawMode":0,"name":"Shaded","section":"Shading Mode"},"sceneLighting":false,"audioPlay":false,"sceneViewState":{"showFog":true,"showMaterialUpdate":false,"showSkybox":false,"showFlares":true,"showImageEffects":true,"showParticleSystems":true},"in2DMode":false,"pivot":{"x":15.849237442016602,"y":-2.5657119750976564,"z":-9.25147819519043},"rotation":{"x":0.30876651406288149,"y":0.4400719404220581,"z":-0.1642942726612091,"w":0.8270498514175415},"size":72.45561981201172,"orthographic":false}